round,best_score,visual,layout,color,typography,components,interaction,param
5,62.8695,0.4234,0.7542,0.7759,1.0,0.0847,0.8576,color|ink-violet|accent|h
10,62.8695,0.4234,0.7542,0.7759,1.0,0.0847,0.8576,color|paper-sand|editor_line|l
15,62.8695,0.4234,0.7542,0.7759,1.0,0.0847,0.8576,color|ink-violet|text_secondary|h
16,62.8711,0.4234,0.7542,0.7761,1.0,0.0846,0.8576,color|paper-sand|danger|s
17,62.8711,0.4234,0.7542,0.7761,1.0,0.0846,0.8576,color|paper-sand|border|s
20,63.1034,0.4234,0.7542,0.7797,1.0,0.0859,0.8576,color|sakura-pop|danger|h
22,63.1236,0.4234,0.7556,0.7797,1.0,0.0859,0.8576,geom|spacing_sm
24,63.1272,0.4234,0.7556,0.7797,1.0,0.0864,0.8576,color|ink-violet|danger|h
30,63.1624,0.4234,0.7556,0.7797,1.0,0.0907,0.8576,color|ink-violet|pressed|l
31,63.1624,0.4234,0.7556,0.7797,1.0,0.0907,0.8576,color|ink-violet|surface_3|l
34,63.1643,0.4234,0.7556,0.7797,1.0,0.091,0.8576,color|paper-sand|accent|l
40,63.1643,0.4234,0.7556,0.7797,1.0,0.091,0.8576,color|paper-sand|text_muted|h
56,63.2797,0.4234,0.7556,0.7784,1.0,0.091,0.8576,color|sakura-pop|surface_2|h
60,63.2797,0.4234,0.7556,0.7784,1.0,0.091,0.8576,color|ink-violet|accent_gold|l
61,63.4028,0.4234,0.7644,0.7784,1.0,0.091,0.8576,geom|radius_md
63,63.4028,0.4234,0.7644,0.7784,1.0,0.091,0.8576,color|paper-sand|text_secondary|h
76,63.4028,0.4234,0.7644,0.7784,1.0,0.091,0.8576,color|sakura-pop|pressed|s
80,63.591,0.4234,0.7644,0.7784,1.0,0.0969,0.8576,color|sakura-pop|pressed|l
81,63.5937,0.4234,0.7644,0.7784,1.0,0.0972,0.8576,color|paper-sand|accent|h
85,63.6444,0.4234,0.7644,0.7816,1.0,0.0985,0.8576,color|paper-sand|danger|l
93,63.6514,0.4234,0.7644,0.7821,1.0,0.0985,0.8576,color|paper-sand|error_bg|h
95,63.6514,0.4234,0.7644,0.7821,1.0,0.0985,0.8576,color|ink-violet|accent_pink|s
104,63.6754,0.4234,0.7661,0.7821,1.0,0.0985,0.8576,geom|spacing_md
108,63.6754,0.4234,0.7661,0.7821,1.0,0.0985,0.8576,color|paper-sand|accent_gold|l
111,63.7179,0.4234,0.7661,0.7821,1.0,0.0985,0.8647,color|paper-sand|accent_alt|s
112,63.7539,0.4234,0.7661,0.7821,1.0,0.1,0.8687,color|paper-sand|surface_hover|h
113,63.7659,0.4244,0.7661,0.7821,1.0,0.0992,0.8687,color|sakura-pop|surface_hover|s
117,63.7659,0.4244,0.7661,0.7821,1.0,0.0992,0.8687,color|ink-violet|text_primary|l
118,63.7697,0.4244,0.7661,0.7824,1.0,0.0992,0.8687,color|paper-sand|text_muted|s
119,63.7777,0.4253,0.7661,0.7824,1.0,0.0992,0.8687,color|ink-violet|surface_0|l
122,63.7805,0.4253,0.7661,0.7824,1.0,0.0996,0.8687,color|paper-sand|accent|h
125,63.7805,0.4253,0.7661,0.7824,1.0,0.0996,0.8687,color|sakura-pop|accent|s
128,63.8135,0.4253,0.7661,0.7824,1.0,0.104,0.8687,color|ink-violet|accent|h
130,63.8144,0.4253,0.7661,0.7824,1.0,0.1041,0.8687,color|ink-violet|danger|h
132,63.8654,0.4253,0.7661,0.7824,1.0,0.1063,0.8742,color|paper-sand|surface_hover|l
136,63.8751,0.4253,0.7661,0.7831,1.0,0.1063,0.8742,color|paper-sand|text_muted|s
140,63.8751,0.4253,0.7661,0.7831,1.0,0.1063,0.8742,color|paper-sand|surface_0|h
146,63.8821,0.4253,0.7661,0.7831,1.0,0.1072,0.8742,color|ink-violet|accent|h
147,63.893,0.4253,0.7661,0.7831,1.0,0.1086,0.8742,color|ink-violet|danger|h
152,63.9685,0.4253,0.7661,0.7846,1.0,0.1086,0.8742,color|sakura-pop|surface_2|s
162,64.1849,0.4253,0.7661,0.7846,1.0,0.1153,0.8742,color|sakura-pop|accent|l
164,64.3594,0.4253,0.7661,0.7846,1.0,0.1153,0.9033,color|paper-sand|accent_alt|l
168,64.3594,0.4253,0.7661,0.7846,1.0,0.1153,0.9033,color|sakura-pop|surface_1|s
170,64.3594,0.4253,0.7661,0.7846,1.0,0.1153,0.9033,color|paper-sand|surface_3|h
176,64.3594,0.4253,0.7661,0.7846,1.0,0.1153,0.9033,color|ink-violet|border_strong|s
179,64.4319,0.4253,0.7661,0.786,1.0,0.1153,0.9033,color|sakura-pop|surface_2|s
184,64.6275,0.4253,0.7661,0.786,1.0,0.1214,0.9033,color|sakura-pop|accent|l
185,64.6456,0.4253,0.7661,0.786,1.0,0.1237,0.9033,color|ink-violet|pressed|s
190,64.7257,0.4253,0.7718,0.786,1.0,0.1237,0.9033,geom|spacing_lg
193,64.7592,0.4253,0.7718,0.7866,1.0,0.1237,0.9033,color|sakura-pop|error_bg|s
194,64.7592,0.4253,0.7718,0.7866,1.0,0.1237,0.9033,color|paper-sand|text_muted|h
198,64.7601,0.4253,0.7718,0.7867,1.0,0.1237,0.9033,color|paper-sand|text_secondary|l
201,64.7766,0.4253,0.7718,0.7867,1.0,0.1242,0.9033,color|sakura-pop|pressed|h
205,64.7766,0.4253,0.7718,0.7867,1.0,0.1242,0.9033,color|ink-violet|surface_3|l
212,64.8321,0.4253,0.7718,0.7867,1.0,0.126,0.9033,color|sakura-pop|pressed|l
215,65.5529,0.4253,0.8233,0.7867,1.0,0.126,0.9033,geom|radius_sm
224,66.0051,0.4253,0.8233,0.7954,1.0,0.126,0.9033,color|sakura-pop|error_bg|l
226,66.0467,0.4253,0.8233,0.7962,1.0,0.126,0.9033,color|sakura-pop|text_muted|h
239,66.05,0.4253,0.8233,0.7962,1.0,0.1264,0.9033,color|ink-violet|danger|s
245,66.0965,0.4253,0.8233,0.7998,1.0,0.1264,0.9033,color|paper-sand|error_bg|l
255,66.0965,0.4253,0.8233,0.7998,1.0,0.1264,0.9033,color|paper-sand|accent_gold|h
256,66.1937,0.4253,0.8303,0.7998,1.0,0.1264,0.9033,geom|radius_lg
259,66.1937,0.4253,0.8303,0.7998,1.0,0.1264,0.9033,color|ink-violet|surface_hover|s
272,66.1937,0.4253,0.8303,0.7998,1.0,0.1264,0.9033,color|ink-violet|text_secondary|s
274,66.2098,0.4282,0.8303,0.7998,1.0,0.1251,0.9033,color|ink-violet|surface_0|l
275,66.2098,0.4282,0.8303,0.7998,1.0,0.1251,0.9033,geom|line_height_ratio
289,66.2599,0.4282,0.8303,0.7998,1.0,0.1251,0.9117,color|paper-sand|accent_alt|l
316,66.2647,0.4282,0.8303,0.8001,1.0,0.1251,0.9117,color|paper-sand|error_bg|h
317,66.2764,0.4286,0.8303,0.8001,1.0,0.1251,0.9117,color|sakura-pop|surface_0|h
331,66.2764,0.4286,0.8303,0.8001,1.0,0.1251,0.9117,geom|type_scale
334,66.2764,0.4286,0.8303,0.8001,1.0,0.1251,0.9117,color|paper-sand|selection|s
336,66.3578,0.4286,0.8303,0.8001,1.0,0.1251,0.9253,color|paper-sand|accent_alt|l
344,66.3578,0.4286,0.8303,0.8001,1.0,0.1251,0.9253,color|ink-violet|success|l
345,66.3869,0.4286,0.8303,0.8024,1.0,0.1251,0.9253,color|paper-sand|text_muted|l
346,66.3869,0.4286,0.8303,0.8024,1.0,0.1251,0.9253,color|paper-sand|success|h
348,66.4478,0.4286,0.8303,0.8071,1.0,0.1251,0.9253,color|paper-sand|text_secondary|h
357,66.4799,0.4313,0.8303,0.8071,1.0,0.123,0.9253,color|sakura-pop|surface_hover|h
361,66.4799,0.4313,0.8303,0.8071,1.0,0.123,0.9253,color|paper-sand|surface_1|h
364,66.48,0.4313,0.8303,0.8071,1.0,0.123,0.9253,color|sakura-pop|accent_gold|s
368,66.48,0.4313,0.8303,0.8071,1.0,0.123,0.9253,color|paper-sand|error_bg|h
374,66.562,0.4313,0.8303,0.8071,1.0,0.1333,0.9253,color|paper-sand|accent|l
380,66.6015,0.4313,0.8303,0.8101,1.0,0.1333,0.9253,color|paper-sand|error_bg|l
385,66.6015,0.4313,0.8303,0.8101,1.0,0.1333,0.9253,color|paper-sand|error_bg|l
388,66.622,0.4313,0.8303,0.8101,1.0,0.1341,0.9276,color|paper-sand|surface_hover|h
399,66.9082,0.4313,0.8303,0.8101,1.0,0.143,0.9276,color|sakura-pop|danger|l
403,66.9208,0.4316,0.8303,0.8101,1.0,0.143,0.9276,color|sakura-pop|surface_0|s
412,66.9252,0.4316,0.8303,0.8101,1.0,0.1432,0.9281,color|paper-sand|surface_hover|s
414,66.9655,0.4316,0.8303,0.81,1.0,0.1483,0.9281,color|paper-sand|accent|h
420,66.9655,0.4316,0.8303,0.81,1.0,0.1483,0.9281,color|ink-violet|accent_pink|l
430,66.9677,0.4316,0.8303,0.81,1.0,0.1483,0.9285,color|paper-sand|accent_alt|s
431,67.1499,0.4316,0.8433,0.81,1.0,0.1483,0.9285,geom|spacing_xs
432,67.1739,0.4316,0.8433,0.81,1.0,0.1491,0.9285,color|sakura-pop|accent|h
433,67.2155,0.4316,0.8433,0.8132,1.0,0.1491,0.9285,color|paper-sand|text_secondary|l
435,67.2155,0.4316,0.8433,0.8132,1.0,0.1491,0.9285,color|sakura-pop|surface_1|l
444,67.224,0.4316,0.8439,0.8132,1.0,0.1491,0.9285,geom|spacing_md
448,67.2246,0.4306,0.8439,0.8132,1.0,0.1503,0.9285,color|ink-violet|surface_hover|s
460,67.2246,0.4306,0.8439,0.8132,1.0,0.1503,0.9285,color|paper-sand|error_bg|l
463,67.266,0.4306,0.8439,0.8132,1.0,0.1519,0.9333,color|paper-sand|surface_hover|h
464,67.3178,0.4306,0.8439,0.8132,1.0,0.1519,0.9419,color|paper-sand|accent_alt|h
465,67.3178,0.4306,0.8439,0.8132,1.0,0.1519,0.9419,color|ink-violet|accent_gold|l
466,67.3178,0.4306,0.8439,0.8132,1.0,0.1519,0.9419,color|ink-violet|success_bg|l
474,67.3848,0.4306,0.8439,0.8132,1.0,0.1602,0.9419,color|ink-violet|pressed|l
478,67.498,0.4306,0.8439,0.8154,1.0,0.1602,0.9419,color|sakura-pop|surface_2|s
482,67.6141,0.4306,0.8522,0.8154,1.0,0.1602,0.9419,geom|radius_lg
483,67.6142,0.4306,0.8522,0.8154,1.0,0.1602,0.9419,color|paper-sand|accent_pink|s
486,67.6514,0.4306,0.8522,0.8154,1.0,0.1649,0.9419,color|paper-sand|danger|l
487,68.1684,0.4306,0.8891,0.8154,1.0,0.1649,0.9419,geom|spacing_sm
496,68.1767,0.4306,0.8891,0.8154,1.0,0.1659,0.9419,color|paper-sand|pressed|h
500,68.3329,0.4306,0.8891,0.8154,1.0,0.1719,0.96,color|paper-sand|surface_hover|l
505,68.3329,0.4306,0.8891,0.8154,1.0,0.1719,0.96,color|paper-sand|surface_3|l
517,68.3329,0.4306,0.8891,0.8154,1.0,0.1719,0.96,geom|spacing_md
520,68.3466,0.4306,0.8888,0.8154,1.0,0.1724,0.96,color|sakura-pop|danger|h
521,68.3466,0.4306,0.8888,0.8154,1.0,0.1724,0.96,color|sakura-pop|surface_2|h
530,68.3499,0.4306,0.8891,0.8154,1.0,0.1724,0.96,geom|spacing_md
543,68.3499,0.4306,0.8891,0.8154,1.0,0.1724,0.96,color|paper-sand|danger|l
574,68.35,0.4306,0.8891,0.8154,1.0,0.1724,0.96,color|ink-violet|accent_gold|s
579,68.4069,0.4306,0.8891,0.8154,1.0,0.1742,0.96,color|sakura-pop|danger|h
595,68.4069,0.4306,0.8891,0.8154,1.0,0.1742,0.96,color|sakura-pop|surface_0|h
619,68.4069,0.4306,0.8891,0.8154,1.0,0.1742,0.96,color|ink-violet|accent_pink|l
627,68.4332,0.4314,0.8891,0.8154,1.0,0.1742,0.96,color|sakura-pop|surface_0|l
634,68.4366,0.4317,0.8891,0.8154,1.0,0.1742,0.96,color|ink-violet|surface_0|l
645,68.4405,0.4322,0.8891,0.8154,1.0,0.1742,0.96,color|ink-violet|surface_0|l
646,68.4405,0.4322,0.8891,0.8154,1.0,0.1742,0.96,color|sakura-pop|editor_line|s
650,68.4456,0.4322,0.8891,0.8158,1.0,0.1742,0.96,color|paper-sand|text_muted|h
651,68.4744,0.4322,0.8891,0.8158,1.0,0.1751,0.96,color|sakura-pop|pressed|h
652,69.1121,0.4322,0.8891,0.8281,1.0,0.1751,0.96,color|sakura-pop|surface_2|l
664,69.1121,0.4322,0.8891,0.8281,1.0,0.1751,0.96,color|paper-sand|text_muted|h
665,69.1319,0.4322,0.8891,0.8281,1.0,0.1758,0.96,color|sakura-pop|accent|s
667,69.1407,0.4322,0.8891,0.8287,1.0,0.1758,0.96,color|paper-sand|text_secondary|s
674,69.1626,0.4322,0.8891,0.8287,1.0,0.1766,0.9625,color|paper-sand|surface_hover|h
676,69.1626,0.4322,0.8891,0.8287,1.0,0.1766,0.9625,color|ink-violet|accent_pink|l
677,69.1794,0.4322,0.8891,0.8287,1.0,0.1786,0.9625,color|ink-violet|pressed|l
680,69.1795,0.4322,0.8891,0.8287,1.0,0.1786,0.9625,color|ink-violet|accent_gold|s
687,69.2468,0.4389,0.8891,0.8287,1.0,0.1737,0.9625,color|sakura-pop|surface_hover|l
693,69.2472,0.4389,0.8891,0.8288,1.0,0.1737,0.9625,color|ink-violet|accent_gold|s
695,69.2555,0.4389,0.8891,0.8288,1.0,0.1748,0.9625,color|sakura-pop|danger|h
718,69.2555,0.4389,0.8891,0.8288,1.0,0.1748,0.9625,color|sakura-pop|accent_pink|h
720,69.2559,0.4389,0.8891,0.8288,1.0,0.1748,0.9625,color|ink-violet|surface_hover|s
721,69.2559,0.4389,0.8891,0.8288,1.0,0.1748,0.9625,color|ink-violet|error_bg|s
722,69.34,0.4389,0.8891,0.8288,1.0,0.1797,0.9625,color|ink-violet|danger|l
724,69.4159,0.4389,0.8891,0.8288,1.0,0.1892,0.9625,color|ink-violet|danger|l
731,69.491,0.4389,0.8891,0.8302,1.0,0.1892,0.9625,color|sakura-pop|text_muted|h
734,69.699,0.4389,0.8891,0.8302,1.0,0.1957,0.9625,color|sakura-pop|danger|l
740,69.743,0.4389,0.8891,0.8336,1.0,0.1957,0.9625,color|paper-sand|text_secondary|l
751,69.743,0.4389,0.8891,0.8336,1.0,0.1957,0.9625,color|paper-sand|success|h
756,69.8281,0.4412,0.8891,0.8336,1.0,0.1957,0.9625,color|sakura-pop|surface_0|l
763,69.8549,0.4412,0.8891,0.8336,1.0,0.1991,0.9625,color|paper-sand|danger|l
769,69.8549,0.4412,0.8891,0.8336,1.0,0.1991,0.9625,color|ink-violet|selection|l
780,69.8549,0.4412,0.8891,0.8336,1.0,0.1991,0.9625,color|paper-sand|pressed|h
782,69.8563,0.4412,0.8891,0.8336,1.0,0.1992,0.9625,color|ink-violet|danger|s
789,69.8563,0.4412,0.8891,0.8336,1.0,0.1992,0.9625,color|ink-violet|selection|l
795,69.8563,0.4412,0.8891,0.8336,1.0,0.1992,0.9625,geom|spacing_md
802,69.8564,0.4412,0.8891,0.8336,1.0,0.1992,0.9625,color|ink-violet|accent_gold|s
815,69.9086,0.4412,0.8891,0.8336,1.0,0.2015,0.9625,color|sakura-pop|accent|l
834,69.9586,0.4412,0.8891,0.8374,1.0,0.2015,0.9625,color|sakura-pop|surface_2|h
837,69.9611,0.4415,0.8891,0.8374,1.0,0.2015,0.9625,color|sakura-pop|surface_0|s
852,69.9698,0.4402,0.8891,0.8374,1.0,0.2032,0.9625,color|ink-violet|surface_hover|l
853,70.1132,0.4402,0.8891,0.8374,1.0,0.2032,0.9864,color|paper-sand|accent_alt|h
854,70.1135,0.4403,0.8891,0.8374,1.0,0.2031,0.9864,color|sakura-pop|surface_hover|s
867,70.1221,0.4392,0.8891,0.8374,1.0,0.2046,0.9864,color|ink-violet|surface_hover|s
868,70.1225,0.4392,0.8891,0.8374,1.0,0.2046,0.9864,color|ink-violet|accent_gold|s
875,70.1299,0.4392,0.8896,0.8374,1.0,0.2046,0.9864,geom|radius_lg
883,70.1499,0.4392,0.8896,0.8374,1.0,0.2071,0.9864,color|paper-sand|danger|l
885,70.1556,0.4392,0.8896,0.8379,1.0,0.2071,0.9864,color|sakura-pop|text_muted|s
888,70.1589,0.4392,0.8896,0.8379,1.0,0.2075,0.9864,color|sakura-pop|accent|h
896,70.1661,0.4392,0.8896,0.8384,1.0,0.2075,0.9864,color|paper-sand|text_secondary|s
926,70.1758,0.4392,0.8903,0.8384,1.0,0.2075,0.9864,geom|spacing_sm
927,70.1758,0.4392,0.8903,0.8384,1.0,0.2075,0.9864,color|ink-violet|accent_gold|l
933,70.1944,0.4392,0.8903,0.8384,1.0,0.2098,0.9864,color|paper-sand|pressed|l
938,70.3685,0.4392,0.8903,0.8384,1.0,0.2153,0.9864,color|ink-violet|pressed|l
963,70.3742,0.4392,0.8903,0.8384,1.0,0.216,0.9864,color|paper-sand|danger|s
973,70.3742,0.4392,0.8903,0.8384,1.0,0.216,0.9864,color|ink-violet|accent_gold|l
974,70.3742,0.4392,0.8903,0.8384,1.0,0.216,0.9864,color|sakura-pop|accent_gold|l
995,70.4037,0.4392,0.8903,0.8407,1.0,0.216,0.9864,color|paper-sand|text_muted|l
